<?xml version="1.0" encoding="UTF-8"?>
<root>
  <item name="online.osslab.FloatingSearchView ATTRS_SEARCH_BAR_LEFT_ACTION_MODE_DEFAULT">
    <annotation name="android.support.annotation.IntDef">
      <val name="value" val="{online.osslab.FloatingSearchView.LEFT_ACTION_MODE_SHOW_HAMBURGER_ENUM_VAL, online.osslab.FloatingSearchView.LEFT_ACTION_MODE_SHOW_SEARCH_ENUM_VAL, online.osslab.FloatingSearchView.LEFT_ACTION_MODE_SHOW_HOME_ENUM_VAL, online.osslab.FloatingSearchView.LEFT_ACTION_MODE_NO_LEFT_ACTION_ENUM_VAL}" />
    </annotation>
  </item>
  <item name="online.osslab.FloatingSearchView leftActionMode">
    <annotation name="android.support.annotation.IntDef">
      <val name="value" val="{online.osslab.FloatingSearchView.LEFT_ACTION_MODE_SHOW_HAMBURGER_ENUM_VAL, online.osslab.FloatingSearchView.LEFT_ACTION_MODE_SHOW_SEARCH_ENUM_VAL, online.osslab.FloatingSearchView.LEFT_ACTION_MODE_SHOW_HOME_ENUM_VAL, online.osslab.FloatingSearchView.LEFT_ACTION_MODE_NO_LEFT_ACTION_ENUM_VAL}" />
    </annotation>
  </item>
  <item name="online.osslab.FloatingSearchView.LeftActionMode">
    <annotation name="android.support.annotation.IntDef">
      <val name="value" val="{online.osslab.FloatingSearchView.LEFT_ACTION_MODE_SHOW_HAMBURGER_ENUM_VAL, online.osslab.FloatingSearchView.LEFT_ACTION_MODE_SHOW_SEARCH_ENUM_VAL, online.osslab.FloatingSearchView.LEFT_ACTION_MODE_SHOW_HOME_ENUM_VAL, online.osslab.FloatingSearchView.LEFT_ACTION_MODE_NO_LEFT_ACTION_ENUM_VAL}" />
    </annotation>
  </item>
</root>

